{
  "vol_r2": 0.9212166666984558,
  "rmse": 0.05632660910487175,
  "mae": 0.033799782395362854,
  "qlike": -0.9942297339439392,
  "dir_auc": 0.5906700659936185,
  "dir_acc": 0.5744013020227854,
  "gates": [
    0.5862881541252136,
    0.15074625611305237,
    0.1947883665561676,
    0.06817715615034103
  ],
  "skip_contribution": 0.11528991609811783,
  "skip_contributions_history": [
    0.11742217093706131,
    0.11944686621427536,
    0.09059210121631622,
    0.095033198595047,
    0.09154172241687775,
    0.08784708380699158,
    0.08609142899513245,
    0.08659994602203369,
    0.08918093889951706,
    0.08975046873092651,
    0.09445547312498093,
    0.09592005610466003,
    0.09443815797567368,
    0.09851717203855515,
    0.09649267047643661,
    0.09815713763237,
    0.09767444431781769,
    0.09870050102472305,
    0.09809616208076477,
    0.09776240587234497,
    0.09676563739776611,
    0.09752710163593292,
    0.09936710447072983,
    0.09863966703414917,
    0.09842853248119354,
    0.09779494255781174
  ],
  "peak_vram_gb": 0.071350272,
  "n_params": 567431
}