{
  "ha_r2": 0.3483140051974569,
  "v2_r2": 0.335,
  "har_rv_r2": 0.9469396900104131,
  "p12_r2": 0.7719,
  "p13_r2": 0.8665051460266113,
  "p14_r2": 0.9212166666984558,
  "p14_rmse": 0.05632660910487175,
  "p14_qlike": -0.9942297339439392,
  "p14_auc": 0.5906700659936185,
  "beats_har_rv": false,
  "gap_to_har_rv": 0.025723023311957305,
  "improvement_over_p13": 0.05471152067184448
}