{
  "phase12_benchmarks": {
    "HA": {
      "r2": 0.3483140051974569,
      "mae": 0.1116178944667095,
      "rmse": 0.156529951273537,
      "n": 16180
    },
    "HAR_RV": {
      "r2": 0.9469396900104131,
      "mae": 0.018193634651191413,
      "rmse": 0.04466456900701082,
      "n": 16180
    },
    "Phase12_Multimodal": {
      "r2": 0.7719,
      "mae": 0.0615,
      "rmse": 0.0958,
      "dir_auc": 0.5675,
      "n": 17204
    },
    "V2_Baseline": {
      "r2": 0.335,
      "note": "from Phase 11 results"
    }
  },
  "phase13_variants": {
    "vol_primary": {
      "vol_r2": 0.8665051460266113,
      "mae": 0.04762861505150795,
      "rmse": 0.07332105189561844,
      "dir_auc": 0.5847644716592593,
      "dir_acc": 0.5717856312485469,
      "lambda_vol": 0.85,
      "lambda_dir": 0.15,
      "gates": [
        0.6181045770645142,
        0.04871648922562599,
        0.17758700251579285,
        0.15559199452400208
      ]
    },
    "balanced": {
      "vol_r2": 0.7368462681770325,
      "mae": 0.06903909146785736,
      "rmse": 0.1029440239071846,
      "dir_auc": 0.5788121630020212,
      "dir_acc": 0.5224947686584516,
      "lambda_vol": 0.5,
      "lambda_dir": 0.5,
      "gates": [
        0.6185193061828613,
        0.05193408578634262,
        0.17162880301475525,
        0.1579178124666214
      ]
    },
    "dir_assisted": {
      "vol_r2": 0.8502432107925415,
      "mae": 0.05023805797100067,
      "rmse": 0.07765862345695496,
      "dir_auc": 0.5854026535358539,
      "dir_acc": 0.5728900255754475,
      "lambda_vol": 0.7,
      "lambda_dir": 0.3,
      "gates": [
        0.6062897443771362,
        0.046787384897470474,
        0.17738963663578033,
        0.16953325271606445
      ]
    }
  },
  "best_vol_variant": "vol_primary",
  "best_dir_variant": "dir_assisted",
  "beats_har_rv": false,
  "gap_to_har_rv": 0.08039485397338864,
  "improvement_over_phase12": 0.0946051460266113
}