{
  "HA": {
    "r2": 0.3483140051974569,
    "mae": 0.1116178944667095,
    "rmse": 0.156529951273537,
    "n": 16180
  },
  "HAR_RV": {
    "r2": 0.9469396900104131,
    "mae": 0.018193634651191413,
    "rmse": 0.04466456900701082,
    "n": 16180
  },
  "Phase12_Multimodal": {
    "r2": 0.7719,
    "mae": 0.0615,
    "rmse": 0.0958,
    "dir_auc": 0.5675,
    "n": 17204
  },
  "V2_Baseline": {
    "r2": 0.335,
    "note": "from Phase 11 results"
  }
}